{
    "grass": {"x": 536.2890764037855, "y": 161.22397917594057},
    "poison": {"x": 250.39450636619208, "y": 292.34071850834727},
    "grass poison": {"x": 343.4063478120486, "y": 136.71537487303794},
    "fire": {"x": 846.347750805884, "y": 589.3871028556257},
    "flying": {"x": 417.89204167853865, "y": 611.0199560347505},
    "fire flying": {"x": 654.3259736020523, "y": 643.8326567985428},
    "water": {"x": 487.54475189292907, "y": 758.9553661172365},
    "bug": {"x": 156.0226821682935, "y": 500.80676843293725},
    "bug flying": {"x": 156.84180816772283, "y": 581.4811577947137},
    "bug poison": {"x": 124.407786521525, "y": 422.9046215632178},
    "normal": {"x": 455.28331360865747, "y": 300.58654437993823},
    "flying normal": {"x": 379.33023542236197, "y": 511.4388407907447},
    "dark": {"x": 665.9278524654732, "y": 395.2597357050053},
    "dark normal": {"x": 490.6056258156411, "y": 227.20596760525544},
    "electric": {"x": 216.49509366525658, "y": 682.4021118660877},
    "ground": {"x": 749.8056519678872, "y": 488.64838533578325},
    "ice": {"x": 779.062275574693, "y": 734.7880665747334},
    "ground ice": {"x": 809.7576945880126, "y": 667.2981328842892},
    "ground poison": {"x": 439.23003545159145, "y": 473.38960170058243},
    "fairy": {"x": 291.6970371589256, "y": 411.8901446858176},
    "fire ice": {"x": 867.8712282540455, "y": 657.7292308895089},
    "fairy normal": {"x": 376.7162414350717, "y": 323.388128648079},
    "flying poison": {"x": 229.33694053657067, "y": 442.3851499846291},
    "bug grass": {"x": 262.1395598161595, "y": 219.84916510643995},
    "fighting": {"x": 627.8791104992424, "y": 760.0240423816306},
    "fighting water": {"x": 645.5055103913304, "y": 827.4301161178903},
    "psychic": {"x": 742.1430791934051, "y": 238.95971056795054},
    "poison water": {"x": 276.0527591778401, "y": 587.4884057230124},
    "rock": {"x": 784.9650311475132, "y": 358.22727215686433},
    "ground rock": {"x": 836.6117959048148, "y": 411.0463644635159},
    "psychic water": {"x": 672.1194689864649, "y": 476.48448819226326},
    "steel": {"x": 321.39872689498543, "y": 347.93281266916125},
    "electric steel": {"x": 220.72552909622118, "y": 554.5737900299239},
    "ice water": {"x": 585.399583679026, "y": 823.7405078183373},
    "ghost": {"x": 471.2388214625651, "y": 386.4356514480528},
    "ghost poison": {"x": 323.48273362399584, "y": 230.80469271644796},
    "grass psychic": {"x": 655.7345935433972, "y": 111.2073683788731},
    "fire ground": {"x": 894.8255522420927, "y": 533.456204117776},
    "fairy psychic": {"x": 551.7348522980677, "y": 240.02243377821435},
    "ice psychic": {"x": 810.6712467156044, "y": 468.2062949993063},
    "flying water": {"x": 407.9003188027648, "y": 789.8510159663216},
    "rock water": {"x": 520.6403122604585, "y": 630.8882370349247},
    "flying rock": {"x": 580.9623936188424, "y": 540.9219967363525},
    "flying ice": {"x": 569.0713368406889, "y": 723.3911037584577},
    "electric flying": {"x": 282.3808021910709, "y": 649.7050539173953},
    "dragon": {"x": 417.6806969077288, "y": 690.0783371167706},
    "dragon flying": {"x": 346.14339616734514, "y": 681.332969542275},
    "electric water": {"x": 319.6176348274211, "y": 760.5928352266815},
    "fairy flying": {"x": 329.84687670563255, "y": 561.6987996482588},
    "flying psychic": {"x": 642.2436044286696, "y": 330.8096259048144},
    "fairy water": {"x": 333.0487116121815, "y": 618.4969627916855},
    "flying grass": {"x": 378.6379730475479, "y": 260.89274114113726},
    "ground water": {"x": 741.5685181645772, "y": 670.3736246737186},
    "dark flying": {"x": 494.63373054440905, "y": 497.25045399518876},
    "normal psychic": {"x": 662.1256974485266, "y": 168.6223594188378},
    "bug steel": {"x": 183.0046097528127, "y": 342.9892216332125},
    "flying ground": {"x": 639.6487022472008, "y": 532.3920828644466},
    "ground steel": {"x": 412.52716893636136, "y": 364.87772883018056},
    "bug rock": {"x": 414.3376404034925, "y": 423.277665094471},
    "bug fighting": {"x": 370.86645623734495, "y": 738.4984882395524},
    "dark ice": {"x": 714.4968336559888, "y": 726.7964861325266},
    "fire rock": {"x": 861.0071320324654, "y": 466.34544773821665},
    "flying steel": {"x": 323.9689363647056, "y": 469.8100381634235},
    "dark fire": {"x": 839.8146087421187, "y": 515.7111777583993},
    "dragon water": {"x": 454.82696818709474, "y": 829.2580894749442},
    "dark rock": {"x": 740.9461527164389, "y": 315.53146812239544},
    "fighting fire": {"x": 849.4063636071039, "y": 719.3989355887795},
    "grass water": {"x": 535.0401166057196, "y": 398.8335287031188},
    "dark grass": {"x": 668.0647255305798, "y": 226.01530304278145},
    "bug water": {"x": 287.840420659005, "y": 710.7790757017042},
    "fighting grass": {"x": 572.9787168128615, "y": 441.6390537172904},
    "bug ground": {"x": 475.43901700899016, "y": 548.2898316961605},
    "bug ghost": {"x": 185.07420746346418, "y": 414.5446240652849},
    "dark ghost": {"x": 517.0168489589412, "y": 346.849182266002},
    "fairy steel": {"x": 227.7277504924461, "y": 384.8870691484876},
    "rock steel": {"x": 576.5483035554943, "y": 343.29658968579827},
    "fighting psychic": {"x": 789.0161901760923, "y": 543.1878329577751},
    "dark water": {"x": 672.2540325447828, "y": 582.8297818384499},
    "dragon ground": {"x": 736.7338813747424, "y": 576.6366262408444},
    "psychic rock": {"x": 815.0763497276432, "y": 246.90231955000235},
    "ground psychic": {"x": 836.7637400025496, "y": 320.06928778374544},
    "grass rock": {"x": 609.3661539514492, "y": 142.29723867726375},
    "psychic steel": {"x": 608.6225692335125, "y": 203.6048070350084},
    "dragon psychic": {"x": 726.9291456271345, "y": 384.42814048526986},
    "grass ground": {"x": 650.5970039937454, "y": 274.74119307585863},
    "steel water": {"x": 383.3147157628077, "y": 638.7086748044444},
    "normal water": {"x": 567.619075089738, "y": 593.4803495767082},
    "flying ghost": {"x": 378.0382614068526, "y": 582.737314867321},
    "dark poison": {"x": 362.2997704571525, "y": 390.29552665541627},
    "fighting steel": {"x": 482.07599393600583, "y": 682.5073975744268},
    "fighting poison": {"x": 427.47827912533387, "y": 564.4527395976575},
    "grass ice": {"x": 627.7024449772915, "y": 442.38772908362824},
    "ghost ice": {"x": 564.7989810857936, "y": 671.3235429905362},
    "electric ghost": {"x": 311.82501669660843, "y": 517.2249040604787},
    "dragon steel": {"x": 363.7666072982002, "y": 442.8031959751423},
    "fire steel": {"x": 523.6383048802263, "y": 450.62683748429833},
    "dragon ghost": {"x": 477.64287951578194, "y": 444.34461269594277},
    "fire psychic": {"x": 872.7910309882316, "y": 359.5993653167814},
    "fairy grass": {"x": 429.43386673563396, "y": 219.227281205119},
    "dark ground": {"x": 767.462508577352, "y": 423.37690789965274},
    "dark fighting": {"x": 613.1335931457895, "y": 689.5818945352946},
    "grass normal": {"x": 470.14593250417255, "y": 128.19547120660883},
    "ghost water": {"x": 456.43002807289133, "y": 638.0549830363799},
    "bug electric": {"x": 148.01024225944525, "y": 650.7359409337404},
    "grass steel": {"x": 371.61586595947364, "y": 198.70161136220153},
    "fire ghost": {"x": 697.3859747179389, "y": 529.2304406714061},
    "electric ground": {"x": 475.2079924793985, "y": 592.2616567950573},
    "ghost ground": {"x": 597.8512042614386, "y": 283.52226948183727},
    "dark steel": {"x": 537.669533965318, "y": 297.5937420475837},
    "dark dragon": {"x": 524.582478241831, "y": 562.9144387285451},
    "bug fire": {"x": 616.4673652839208, "y": 584.6451330820511},
    "fighting rock": {"x": 706.2478377998473, "y": 624.1626736066573},
    "dragon fire": {"x": 667.3579232552008, "y": 702.30022702338},
    "dragon electric": {"x": 244.31588653176956, "y": 745.6801277150252},
    "dragon ice": {"x": 560.7198009215776, "y": 772.5041232701594},
    "ground normal": {"x": 697.1084078677902,